pair_index,geometry_stratum,C_img_signed,C_pe_signed,C_text_signed,A_img,A_pe,A_visual,in_V50,in_V25,G_PRE_POST
0,START|medium|2to4,0.0310144424438,-0.00424265721813,0.0127576291561,0.0310144424438,0.00424265721813,0.356164383562,True,True,0.00188663601875
1,END|mild|2to4,0.00495809316635,-0.0314929494634,-0.00514770299196,0.00495809316635,0.0314929494634,0.369863013699,True,False,-0.00494091212749
2,END|mild|2to4,0.017192363739,0.00294041540474,0.00181975960732,0.017192363739,0.00294041540474,0.219178082192,True,True,0.00173952430487
3,START|medium|2to4,0.0745141506195,0.0605044339318,0.00141119584441,0.0745141506195,0.0605044339318,0.919765166341,False,False,-0.00398462638259
4,START|medium|lt2,0.0397484302521,0.0536045045592,0.00804526358843,0.0397484302521,0.0536045045592,0.802348336595,False,False,0.00384464859962
5,END|mild|2to4,-0.0341319441795,0.0347286630422,-0.0157015938312,0.0341319441795,0.0347286630422,0.655577299413,False,False,0.00161845982075
6,START|mild|2to4,0.0670104026794,0.0445439517498,-0.026331987232,0.0670104026794,0.0445439517498,0.850293542074,False,False,-0.00664839148521
7,END|mild|2to4,0.0324353575706,-0.00150543171912,0.00911076366901,0.0324353575706,0.00150543171912,0.3228962818,True,True,5.25712966919e-05
8,END|medium|lt2,0.0359014868736,0.0180996768177,-0.00196396186948,0.0359014868736,0.0180996768177,0.526418786693,True,False,-0.000976897776127
9,START|medium|2to4,0.0872910022736,-0.00184712815098,-0.0084715783596,0.0872910022736,0.00184712815098,0.494129158513,True,False,0.0122774988413
10,START|mild|2to4,0.00983119010925,0.00280913710594,-0.00974662601948,0.00983119010925,0.00280913710594,0.139921722114,True,True,0.00023340433836
11,END|mild|lt2,0.063452899456,0.0495175162796,0.00444633513689,0.063452899456,0.0495175162796,0.866927592955,False,False,-0.00179554522038
12,START|medium|ge4,0.0602013468742,-0.0321822508704,-3.51667404175e-05,0.0602013468742,0.0321822508704,0.755381604697,False,False,0.0235914215446
13,START|mild|2to4,0.0101028680801,-0.019827216398,-0.00325009226799,0.0101028680801,0.019827216398,0.320939334638,True,True,-0.00306843221188
14,END|mild|2to4,0.0137172341347,0.0396546099801,0.00986084342003,0.0137172341347,0.0396546099801,0.520547945205,False,False,0.00489662587643
15,END|medium|2to4,0.0338615179062,0.0139609707985,-0.0138721093535,0.0338615179062,0.0139609707985,0.468688845401,True,False,0.0127403996885
16,START|mild|2to4,0.040196955204,0.0383498608135,0.00145195424557,0.040196955204,0.0383498608135,0.732876712329,False,False,0.00142125785351
17,START|medium|2to4,-0.0182528495789,0.000969286076725,-0.0019473284483,0.0182528495789,0.000969286076725,0.205479452055,True,True,-0.000897392630577
18,END|mild|lt2,0.00298571586609,-0.022794670891,-0.0114935338497,0.00298571586609,0.022794670891,0.26614481409,True,True,-0.000864192843437
19,START|mild|lt2,0.00947195291519,-0.00682337349281,0.00158101320267,0.00947195291519,0.00682337349281,0.184931506849,True,True,-0.00237721204758
20,END|mild|lt2,-0.00224924087524,0.0696314473171,-0.000611618161201,0.00224924087524,0.0696314473171,0.505870841487,False,False,-0.00203255563974
21,END|mild|lt2,0.0208640098572,-0.0303177377209,-0.00812987238169,0.0208640098572,0.0303177377209,0.518590998043,False,False,0.0128971263766
22,END|strong|2to4,0.0361985564232,0.0131560284644,-0.0145480930805,0.0361985564232,0.0131560284644,0.479452054795,False,False,0.00559757649899
23,END|strong|ge4,0.0735778212547,0.0518948817626,-0.0422525405884,0.0735778212547,0.0518948817626,0.891389432485,False,False,0.00955347716808
24,END|mild|2to4,0.0555837154388,0.0126740834676,0.00907565653324,0.0555837154388,0.0126740834676,0.563600782779,False,False,0.00115133821964
25,END|mild|2to4,0.0377898216248,0.0639358093031,-0.00360795855522,0.0377898216248,0.0639358093031,0.815068493151,False,False,-0.00441305339336
26,END|mild|2to4,0.0607960224152,0.0354647480417,0.00281768292189,0.0607960224152,0.0354647480417,0.780821917808,False,False,-0.00451523065567
27,START|mild|2to4,0.109830498695,0.054817141965,-0.0278377011418,0.109830498695,0.054817141965,0.925636007828,False,False,-0.00430288910866
28,END|mild|lt2,-0.00133001804352,0.00748617388308,0.00418737530708,0.00133001804352,0.00748617388308,0.107632093933,True,True,-0.000942066311836
29,START|mild|lt2,0.0065004825592,0.00343854818493,-0.00625712424517,0.0065004825592,0.00343854818493,0.119373776908,True,True,0.00386279821396
30,END|mild|lt2,0.0363293290138,0.00154606276192,0.00686543434858,0.0363293290138,0.00154606276192,0.356164383562,True,False,0.000733181834221
31,START|mild|lt2,0.0165666341782,-0.00784740783274,0.0115958601236,0.0165666341782,0.00784740783274,0.272015655577,True,False,-0.00563891232014
32,END|mild|lt2,0.0304314494133,-0.0141552016139,-0.0116929635406,0.0304314494133,0.0141552016139,0.445205479452,False,False,-0.00387895852327
33,END|strong|ge4,0.0727092027664,0.0170851675794,-6.38887286186e-05,0.0727092027664,0.0170851675794,0.639921722114,True,False,0.0122015886009
34,END|medium|lt2,0.000555515289307,0.0176225581672,0.00656861066818,0.000555515289307,0.0176225581672,0.194716242661,True,True,0.00222834944725
35,START|mild|lt2,0.00565803050995,-0.0832594132517,0.0155576318502,0.00565803050995,0.0832594132517,0.55675146771,False,False,0.00255116820335
36,START|medium|ge4,0.0494776368141,0.0393766695634,0.00981789827347,0.0494776368141,0.0393766695634,0.775929549902,False,False,0.0168025195599
37,END|mild|2to4,0.0190722942352,0.0102083687671,0.00617610663176,0.0190722942352,0.0102083687671,0.314090019569,True,True,-0.00238171219826
38,END|mild|2to4,0.0129533410072,-0.0159566565417,0.00243573635817,0.0129533410072,0.0159566565417,0.312133072407,True,True,-0.0015375316143
39,START|mild|2to4,0.0171490311623,0.0681686545722,0.00745603442192,0.0171490311623,0.0681686545722,0.658512720157,False,False,0.00136756896973
40,END|mild|lt2,0.0133181214333,-0.00728992628865,0.000777266919613,0.0133181214333,0.00728992628865,0.232876712329,True,True,0.00095908343792
41,START|mild|2to4,0.00318783521652,0.0265471877065,-0.00770986452699,0.00318783521652,0.0265471877065,0.300391389432,True,True,0.00384160876274
42,END|mild|lt2,-0.0019536614418,-0.0278314393945,0.0122673399746,0.0019536614418,0.0278314393945,0.304305283757,True,False,0.00142088532448
43,START|mild|lt2,0.0490437746048,0.0172405322082,0.00230149179697,0.0490437746048,0.0172405322082,0.586105675147,False,False,0.00259605795145
44,END|mild|lt2,0.0231541395187,0.0282711803447,0.00287950783968,0.0231541395187,0.0282711803447,0.526418786693,False,False,-0.00468362867832
45,START|mild|lt2,0.00737804174423,0.00500631867908,0.0183331817389,0.00737804174423,0.00500631867908,0.149706457926,True,True,-0.000453427433968
46,END|mild|lt2,0.0601137876511,0.0110247796401,0.0210963413119,0.0601137876511,0.0110247796401,0.559686888454,False,False,0.00733515620232
47,START|mild|lt2,0.043159365654,-0.0379110113718,-0.0206103995442,0.043159365654,0.0379110113718,0.739726027397,False,False,0.00307928770781
48,END|mild|2to4,0.0272572636604,0.0317001834046,0.0061481744051,0.0272572636604,0.0317001834046,0.582191780822,False,False,0.00434659421444
49,END|medium|lt2,0.0329949855804,0.0554964027833,-0.027602173388,0.0329949855804,0.0554964027833,0.752446183953,False,False,0.00253082811832
50,START|mild|lt2,0.0218894481659,0.0368677459192,-0.00959310680628,0.0218894481659,0.0368677459192,0.577299412916,False,False,-0.00364461541176
51,START|mild|2to4,0.00352150201797,0.00328791933134,-0.00178642570972,0.00352150201797,0.00328791933134,0.0792563600783,True,True,0.00582271069288
52,END|medium|lt2,0.0227761268616,-0.00833146879449,0.00804023444653,0.0227761268616,0.00833146879449,0.335616438356,True,True,-0.00104729831219
53,END|mild|lt2,0.0113704204559,-0.00961745507084,0.00901495665312,0.0113704204559,0.00961745507084,0.23385518591,True,True,-0.00730291008949
54,START|mild|2to4,-0.00796610116959,-0.0163661672268,0.000986501574516,0.00796610116959,0.0163661672268,0.267123287671,True,True,0.000954240560532
55,END|medium|2to4,0.0228627324104,-0.00356977107003,0.0162284895778,0.0228627324104,0.00356977107003,0.284735812133,True,True,-0.000294096767902
56,END|mild|lt2,0.00459969043732,0.0141851766966,0.000668618828058,0.00459969043732,0.0141851766966,0.20156555773,True,True,0.00131438672543
57,END|mild|lt2,0.00191044807434,0.0288810010534,-0.00163806602359,0.00191044807434,0.0288810010534,0.311154598826,True,False,0.00393874198198
58,END|mild|lt2,0.0081769824028,0.0299723222852,0.000288978219032,0.0081769824028,0.0299723222852,0.389432485323,False,False,0.00124427676201
59,START|mild|2to4,0.0952519178391,0.11715364689,-0.0334908738732,0.0952519178391,0.11715364689,0.978473581213,False,False,-0.000358536839485
60,START|mild|2to4,0.0946001410484,0.0347922148649,-0.0179358869791,0.0946001410484,0.0347922148649,0.813111545988,False,False,0.0117851644754
61,END|mild|2to4,0.0422368049622,0.0179628266487,0.00206416100264,0.0422368049622,0.0179628266487,0.566536203523,False,False,0.00142330676317
62,START|medium|2to4,0.014971613884,-0.0170595271047,0.00103951990604,0.014971613884,0.0170595271047,0.335616438356,True,True,0.000190742313862
63,START|medium|lt2,0.0316733121872,-0.000725802499801,-0.00446475297213,0.0316733121872,0.000725802499801,0.313111545988,True,True,0.00338743627071
64,START|mild|2to4,-0.0205678343773,-0.0758214362431,0.0086974054575,0.0205678343773,0.0758214362431,0.696673189824,False,False,0.00503311306238
65,END|mild|2to4,-0.00865370035172,0.0174623040948,-0.00319022685289,0.00865370035172,0.0174623040948,0.281800391389,True,True,0.0122579410672
66,START|mild|2to4,-0.0182958841324,0.0347707832698,0.0105715990067,0.0182958841324,0.0347707832698,0.527397260274,True,False,0.00196770578623
67,START|mild|lt2,0.0277995467186,0.0374937616289,0.00920329988003,0.0277995467186,0.0374937616289,0.624266144814,False,False,0.00132089853287
68,START|mild|lt2,0.0154657363892,-0.0220674062148,0.0106029361486,0.0154657363892,0.0220674062148,0.390410958904,True,False,-0.00184716284275
69,START|mild|2to4,0.0136385560036,-0.0163552251179,0.0133581385016,0.0136385560036,0.0163552251179,0.3228962818,True,True,0.00198994576931
70,END|mild|2to4,0.0381466150284,0.0350725741591,0.00750553607941,0.0381466150284,0.0350725741591,0.690802348337,False,False,0.00869067013264
71,END|mild|2to4,-0.0643519163132,-0.000406173290685,-0.0243416912854,0.0643519163132,0.000406173290685,0.454011741683,True,False,-0.00287220627069
72,END|mild|lt2,0.00125581026077,0.000728373415768,-0.00996763259172,0.00125581026077,0.000728373415768,0.0264187866928,True,True,0.00188033282757
73,END|mild|2to4,0.0420509576797,0.00413340819068,0.00849873013794,0.0420509576797,0.00413340819068,0.429549902153,True,False,0.00527092814445
74,END|mild|lt2,0.00994199514389,-0.000433745561168,-0.0108387097716,0.00994199514389,0.000433745561168,0.116438356164,True,True,0.000271148979664
75,START|mild|2to4,0.0250895023346,0.0200579594821,0.0100996792316,0.0250895023346,0.0200579594821,0.469667318982,True,False,0.000954195857048
76,START|medium|2to4,-0.0176696181297,-0.0315902782604,0.0092710480094,0.0176696181297,0.0315902782604,0.501956947162,True,False,-0.00193883478642
77,END|medium|lt2,-0.00530242919922,0.00470490055159,0.00765531510115,0.00530242919922,0.00470490055159,0.116438356164,True,True,0.00561624765396
78,START|medium|2to4,0.0402112603188,0.0523741422221,0.00385241210461,0.0402112603188,0.0523741422221,0.802348336595,False,False,9.75131988525e-05
79,END|mild|2to4,0.0265972018242,-0.0340154217556,0.00270586460829,0.0265972018242,0.0340154217556,0.594911937378,False,False,-0.0020968914032
80,END|mild|lt2,0.000462710857391,-0.0016474109143,-0.00679455697536,0.000462710857391,0.0016474109143,0.0234833659491,True,True,0.00124751776457
81,END|medium|2to4,0.0331614613533,0.0332488634158,-0.00896399840713,0.0331614613533,0.0332488634158,0.640900195695,False,False,0.0076222717762
82,END|mild|lt2,0.0486502051353,-0.0147281910758,0.0193501003087,0.0486502051353,0.0147281910758,0.555772994129,False,False,0.00368321686983
83,START|medium|2to4,0.0397724509239,0.0507801738568,-0.0202543213964,0.0397724509239,0.0507801738568,0.792563600783,False,False,-0.000338718295097
84,END|mild|lt2,0.019763469696,0.00686096446589,-0.00108731538057,0.019763469696,0.00686096446589,0.286692759295,True,True,0.000638417899609
85,START|mild|lt2,0.00767815113068,0.00242768623866,0.00349819660187,0.00767815113068,0.00242768623866,0.119373776908,True,True,-0.000542551279068
86,END|mild|2to4,0.0422846674919,0.0268247707281,-0.0139233767986,0.0422846674919,0.0268247707281,0.648727984344,False,False,-0.00438190996647
87,START|medium|2to4,0.0893988013268,-0.00191397452727,0.00927731394768,0.0893988013268,0.00191397452727,0.499021526419,True,False,-0.00442882627249
88,START|mild|2to4,-0.106262087822,0.0433533794712,-0.0100623890758,0.106262087822,0.0433533794712,0.880626223092,False,False,0.00249052047729
89,END|medium|2to4,-0.0436452031136,-0.0261200033128,0.00910183787346,0.0436452031136,0.0261200033128,0.649706457926,False,False,0.00828473269939
90,START|mild|lt2,0.00142973661423,-0.101397925755,0.00357365608215,0.00142973661423,0.101397925755,0.515655577299,False,False,-0.000339694321156
91,END|mild|lt2,0.0303425192833,0.00217802077532,0.000494435429573,0.0303425192833,0.00217802077532,0.318982387476,True,False,-0.000968687236309
92,START|mild|2to4,0.0213412046432,0.032631500857,0.0122261270881,0.0213412046432,0.032631500857,0.544031311155,False,False,0.00193020701408
93,END|mild|lt2,-0.00417172908783,-0.0155727856327,-0.0133366063237,0.00417172908783,0.0155727856327,0.20939334638,True,True,-0.00168088078499
94,END|mild|lt2,0.00755035877228,0.0122929310892,-0.00620964169502,0.00755035877228,0.0122929310892,0.222113502935,True,True,-0.000951685011387
95,END|mild|2to4,-0.0114597082138,0.019799841335,-0.00466121733189,0.0114597082138,0.019799841335,0.331702544031,True,False,0.000930786132812
96,END|mild|lt2,0.0168569087982,-0.0022345345933,0.0108323097229,0.0168569087982,0.0022345345933,0.204500978474,True,True,-0.000835746526718
97,END|mild|2to4,0.0100413560867,0.0230499627069,0.0123668462038,0.0100413560867,0.0230499627069,0.348336594912,True,False,-0.00278201699257
98,END|mild|2to4,-0.00043112039566,0.0235264808871,0.0238254740834,0.00043112039566,0.0235264808871,0.245596868885,True,True,-0.00127798318863
99,START|mild|lt2,0.0397040247917,0.0449041218963,0.0269643291831,0.0397040247917,0.0449041218963,0.767123287671,False,False,-0.000280164182186
100,START|mild|2to4,-0.0204794406891,-0.0179446430411,0.0293291062117,0.0204794406891,0.0179446430411,0.399217221135,True,False,0.00626343488693
101,END|mild|lt2,0.00971138477325,0.00979870068841,-0.00842115283012,0.00971138477325,0.00979870068841,0.221135029354,True,True,0.00178894400597
102,END|mild|2to4,0.0300362706184,0.0404927076306,0.0313484147191,0.0300362706184,0.0404927076306,0.666340508806,False,False,0.00214250385761
103,START|medium|lt2,0.0321289300919,0.0270990300924,-0.0194507092237,0.0321289300919,0.0270990300924,0.578277886497,False,False,0.00212872028351
104,START|strong|2to4,0.0279383063316,0.106672947761,0.00176833570004,0.0279383063316,0.106672947761,0.772015655577,False,False,0.0180863812566
105,START|mild|2to4,0.0157803893089,0.00529528129846,-0.012408412993,0.0157803893089,0.00529528129846,0.230919765166,True,True,-0.00604262948036
106,END|mild|2to4,-0.00234365463257,0.00536174350418,0.00619476288557,0.00234365463257,0.00536174350418,0.0949119373777,True,True,0.00350898504257
107,END|mild|lt2,0.0377842187881,-0.00764199276455,0.00184602290392,0.0377842187881,0.00764199276455,0.444227005871,False,False,-0.000869676470757
108,END|mild|lt2,-0.0504156947136,-0.0231080478989,0.00405004993081,0.0504156947136,0.0231080478989,0.650684931507,False,False,-0.000359483063221
109,END|mild|2to4,0.0146433711052,0.00579094979912,0.0130877718329,0.0146433711052,0.00579094979912,0.22602739726,True,True,0.00557360053062
110,START|medium|lt2,-0.000252068042755,0.00922712031752,0.00367677211761,0.000252068042755,0.00922712031752,0.106653620352,True,True,0.000847674906254
111,START|mild|lt2,0.0168862342834,-0.0742338970304,0.00214639306068,0.0168862342834,0.0742338970304,0.662426614481,False,False,-0.000300705432892
112,START|mild|2to4,0.00779622793198,-0.0546424717177,-0.0161936283112,0.00779622793198,0.0546424717177,0.528375733855,False,False,0.00600551813841
113,START|mild|2to4,0.0285714864731,-0.0382171135861,0.015078343451,0.0285714864731,0.0382171135861,0.640900195695,False,False,0.00170888006687
114,START|strong|ge4,0.17247325182,0.0399712719955,-0.0522223673761,0.17247325182,0.0399712719955,0.867906066536,False,False,0.0105793848634
115,START|mild|2to4,-0.0548598766327,-0.0124012785964,-0.0258380025625,0.0548598766327,0.0124012785964,0.558708414873,False,False,0.00755077600479
116,END|mild|2to4,0.0629881620407,-0.0254035694525,0.0078641846776,0.0629881620407,0.0254035694525,0.704500978474,False,False,0.00294324010611
117,START|mild|2to4,0.0099925994873,0.026577942539,0.0112754330039,0.0099925994873,0.026577942539,0.379647749511,True,False,0.00129584223032
118,START|mild|2to4,0.0990839600563,-0.014763051644,0.0145903229713,0.0990839600563,0.014763051644,0.637964774951,False,False,-0.00222155451775
119,END|mild|2to4,0.0587089657784,0.0403373842128,0.00749997794628,0.0587089657784,0.0403373842128,0.810176125245,False,False,-0.00354082137346
120,END|medium|2to4,0.0885893702507,0.0312464528251,0.0394188016653,0.0885893702507,0.0312464528251,0.784735812133,False,False,0.00157181918621
121,START|mild|2to4,-0.0240038633347,-0.0313756726682,0.0315777286887,0.0240038633347,0.0313756726682,0.559686888454,False,False,0.00474937260151
122,START|mild|lt2,-0.00189697742462,-0.0305413873866,0.00786650925875,0.00189697742462,0.0305413873866,0.326810176125,True,False,0.00140795111656
123,END|mild|2to4,0.103295564651,-0.00285226176493,-0.0287625975907,0.103295564651,0.00285226176493,0.519569471624,False,False,-0.000677287578583
124,END|mild|lt2,0.00754207372665,0.026548264781,-0.00478129088879,0.00754207372665,0.026548264781,0.35518590998,True,False,-0.0010752081871
125,START|mild|lt2,0.0175356864929,0.000607282854617,-0.00680010765791,0.0175356864929,0.000607282854617,0.19373776908,True,True,-0.000686019659042
126,START|mild|2to4,0.0350388288498,-0.0310034123249,-0.00316172838211,0.0350388288498,0.0310034123249,0.639921722114,False,False,0.00381450355053
127,START|mild|lt2,0.0566744804382,0.0469676926732,0.00310741364956,0.0566744804382,0.0469676926732,0.835616438356,False,False,0.000226438045502
128,END|mild|lt2,-0.0164170265198,0.0200856560841,0.00465598702431,0.0164170265198,0.0200856560841,0.381604696673,True,False,-0.000256508588791
129,START|mild|2to4,0.0135288834572,-0.0267275283113,-0.000924237072468,0.0135288834572,0.0267275283113,0.416829745597,True,False,0.00362932682037
130,START|strong|2to4,0.0451870560646,0.0181876437273,0.0254687517881,0.0451870560646,0.0181876437273,0.581213307241,False,False,0.0153695642948
131,END|medium|lt2,0.0197557210922,-0.0414186085109,0.00317663699389,0.0197557210922,0.0414186085109,0.587084148728,False,False,-0.00431787967682
132,START|mild|lt2,0.0808960795403,-0.00556804030202,-0.0159211978316,0.0808960795403,0.00556804030202,0.537181996086,False,False,0.00345633924007
133,END|mild|lt2,-0.00353914499283,0.0424399133772,0.00391083210707,0.00353914499283,0.0424399133772,0.429549902153,False,False,-0.0014516711235
134,START|mild|lt2,0.041601896286,0.0468078430276,-0.0263019353151,0.041601896286,0.0468078430276,0.778864970646,False,False,-0.00155294686556
135,START|mild|lt2,0.0481263995171,0.0128091662191,0.00478115677834,0.0481263995171,0.0128091662191,0.538160469667,False,False,-0.00161484628916
136,END|mild|lt2,0.00669205188751,0.0224867200013,-0.00194231420755,0.00669205188751,0.0224867200013,0.308219178082,True,False,0.00126714259386
137,END|mild|lt2,0.00435227155685,-0.044670867268,-0.00436642020941,0.00435227155685,0.044670867268,0.449119373777,False,False,0.00369882583618
138,START|mild|lt2,0.0450739264488,0.0484792517964,0.00975290685892,0.0450739264488,0.0484792517964,0.801369863014,False,False,0.00263337045908
139,START|mild|2to4,0.00702035427094,0.0310179889202,0.0083237811923,0.00702035427094,0.0310179889202,0.391389432485,True,False,0.00821062922478
140,START|mild|lt2,-0.0164711475372,0.0841944112908,-0.00443078577518,0.0164711475372,0.0841944112908,0.664383561644,False,False,-0.00414092093706
141,END|mild|lt2,0.0167703032494,-0.0206951531582,0.0113339200616,0.0167703032494,0.0206951531582,0.393346379648,False,False,-0.000636242330074
142,END|mild|2to4,0.0424845218658,-0.013770472724,0.00643141195178,0.0424845218658,0.013770472724,0.52446183953,False,False,0.0113214030862
143,START|mild|lt2,0.0991131663322,0.0428076423705,-0.0155704170465,0.0991131663322,0.0428076423705,0.875733855186,False,False,-0.00272697210312
144,END|mild|lt2,0.0154134631157,0.0401369486935,0.00424371659756,0.0154134631157,0.0401369486935,0.535225048924,False,False,0.0024630650878
145,START|medium|lt2,0.0395708680153,0.00769362808205,0.00171465426683,0.0395708680153,0.00769362808205,0.460861056751,False,False,0.00919614732265
146,START|mild|lt2,0.0370145440102,0.04502260359,-0.00386818498373,0.0370145440102,0.04502260359,0.743639921722,False,False,0.00084114074707
147,START|mild|lt2,0.0334605574608,-0.0121936376672,0.00186132639647,0.0334605574608,0.0121936376672,0.448140900196,False,False,0.000771209597588
148,END|mild|2to4,-0.139312565327,-0.0575791234151,0.00434089452028,0.139312565327,0.0575791234151,0.937377690802,False,False,-0.0039347410202
149,START|mild|lt2,-0.000823080539703,-0.00329730566591,0.0162384659052,0.000823080539703,0.00329730566591,0.0518590998043,True,True,4.97177243233e-05
150,START|mild|2to4,-0.00689607858658,-0.0494490310084,0.00957729667425,0.00689607858658,0.0494490310084,0.499021526419,True,False,0.00910547375679
151,START|strong|ge4,0.121027231216,0.00325690186583,0.0186850205064,0.121027231216,0.00325690186583,0.527397260274,True,False,0.00514987111092
152,START|mild|lt2,-0.00586974620819,0.00338734686375,0.0135828182101,0.00586974620819,0.00338734686375,0.110567514677,True,True,-0.00210793316364
153,START|medium|lt2,0.0233266949654,-0.00964002078399,0.00724193826318,0.0233266949654,0.00964002078399,0.351272015656,True,False,0.00735917687416
154,START|mild|lt2,-0.00197970867157,0.0145773468539,0.000176176428795,0.00197970867157,0.0145773468539,0.179060665362,True,True,-0.000312432646751
155,START|mild|2to4,-0.0243346691132,0.0473550157622,0.0220317840576,0.0243346691132,0.0473550157622,0.6614481409,False,False,0.00110395252705
156,START|mild|lt2,0.0129318833351,-0.0233668182045,-0.00121726095676,0.0129318833351,0.0233668182045,0.379647749511,True,False,0.00298961997032
157,END|mild|lt2,-0.0203896164894,-0.0357039009687,-0.0118569284678,0.0203896164894,0.0357039009687,0.549902152642,False,False,-0.00116008520126
158,START|mild|lt2,0.0179175138474,0.0191866876557,-0.00570687651634,0.0179175138474,0.0191866876557,0.388454011742,True,False,-0.0027808919549
159,START|mild|lt2,0.024311542511,-0.0363160725683,-0.00682903826237,0.024311542511,0.0363160725683,0.598825831703,False,False,0.00476755201817
160,START|mild|2to4,0.0182348489761,-0.0192216946743,-0.0090107396245,0.0182348489761,0.0192216946743,0.390410958904,True,False,0.00298927724361
161,START|mild|lt2,0.0119749307632,0.0302658146247,3.36617231369e-05,0.0119749307632,0.0302658146247,0.432485322896,False,False,-0.00487675517797
162,START|mild|2to4,0.0262932181358,0.0464112705085,-0.00742280483246,0.0262932181358,0.0464112705085,0.666340508806,False,False,-0.00225883722305
163,START|mild|2to4,0.00564110279083,-0.0120497103781,-0.00475177168846,0.00564110279083,0.0120497103781,0.192759295499,True,True,0.00104144215584
164,END|mild|lt2,6.38961791992e-05,0.00316357077099,-0.0122282989323,6.38961791992e-05,0.00316357077099,0.0362035225049,True,True,0.000489205121994
165,START|mild|2to4,0.0263662338257,0.0204761603381,-0.000110782682896,0.0263662338257,0.0204761603381,0.477495107632,True,False,-0.00337178260088
166,START|medium|ge4,-0.0048206448555,-0.0422385837883,-0.0179510340095,0.0048206448555,0.0422385837883,0.442270058708,True,True,0.0104793682694
167,END|medium|ge4,0.155436635017,0.103911424056,-0.0141116827726,0.155436635017,0.103911424056,0.991193737769,False,False,0.0312228575349
168,START|mild|lt2,0.024071097374,0.0106999943964,0.0138042196631,0.024071097374,0.0106999943964,0.37084148728,True,False,0.000323101878166
169,START|mild|2to4,-0.0114783644676,0.0432171884459,-0.00752926245332,0.0114783644676,0.0432171884459,0.520547945205,True,False,-0.0033403262496
170,START|mild|lt2,0.00629109144211,0.0388367881533,0.0266974121332,0.00629109144211,0.0388367881533,0.441291585127,False,False,0.00744670629501
171,START|medium|2to4,0.0226996541023,-0.0208022100851,0.00351806543767,0.0226996541023,0.0208022100851,0.451076320939,True,False,0.0021678507328
172,START|mild|lt2,-0.00294721126556,0.0520086020697,-0.00113578140736,0.00294721126556,0.0520086020697,0.461839530333,False,False,-0.0025015771389
173,START|mild|2to4,0.0501091480255,0.0187263758853,0.00275228172541,0.0501091480255,0.0187263758853,0.605675146771,False,False,-0.00603030622005
174,START|medium|2to4,0.0527105927467,0.0705551810097,0.00035734474659,0.0527105927467,0.0705551810097,0.900195694716,False,False,0.0134208425879
175,START|mild|2to4,0.122564554214,0.143012499902,-0.00816548615694,0.122564554214,0.143012499902,0.991193737769,False,False,0.0038618594408
176,END|mild|lt2,-0.0165460705757,0.0152012878098,0.00447575747967,0.0165460705757,0.0152012878098,0.335616438356,True,False,-0.00550892949104
177,END|mild|2to4,0.0234813094139,-0.0681799552403,-0.00909883528948,0.0234813094139,0.0681799552403,0.720156555773,False,False,-0.00435335934162
178,END|medium|ge4,-0.00013530254364,0.00183380302042,0.0172089114785,0.00013530254364,0.00183380302042,0.0215264187867,True,True,0.0132282078266
179,START|mild|2to4,-0.000963985919952,0.00266110058874,0.0193242356181,0.000963985919952,0.00266110058874,0.045988258317,True,True,-0.00773319602013
180,END|mild|2to4,0.0432292222977,-0.000147562474012,0.0107683166862,0.0432292222977,0.000147562474012,0.384540117417,True,False,0.00783552229404
181,START|mild|2to4,0.0345171093941,-0.00383561779745,-0.0061297416687,0.0345171093941,0.00383561779745,0.37866927593,True,False,-0.0154376253486
182,END|mild|2to4,0.0324249863625,0.0280885063112,-0.00732113420963,0.0324249863625,0.0280885063112,0.58904109589,False,False,0.00263649225235
183,END|medium|2to4,0.0165356397629,0.0273851710372,0.0104857757688,0.0165356397629,0.0273851710372,0.447162426614,True,False,0.00086122751236
184,START|mild|2to4,0.0175041556358,0.00237245950848,0.0151186212897,0.0175041556358,0.00237245950848,0.213307240705,True,True,-0.00561438500881
185,START|mild|2to4,0.037988960743,0.0319478712045,0.011593401432,0.037988960743,0.0319478712045,0.667318982387,False,False,-0.00119841843843
186,START|medium|ge4,-0.0821768641472,0.0248041588347,0.0343064591289,0.0821768641472,0.0248041588347,0.722113502935,True,False,0.00625023245811
187,END|mild|2to4,0.0619658827782,-0.0156516442075,0.00648579001427,0.0619658827782,0.0156516442075,0.609589041096,False,False,0.00185815989971
188,START|mild|2to4,0.0167621970177,-0.0102098677307,-0.00357995182276,0.0167621970177,0.0102098677307,0.292563600783,True,True,-0.00158585608006
189,END|mild|lt2,0.00432026386261,-0.0618299285416,0.000211790204048,0.00432026386261,0.0618299285416,0.505870841487,False,False,0.00461173802614
190,START|mild|lt2,0.0128363370895,-0.0161059496459,-0.00606773048639,0.0128363370895,0.0161059496459,0.312133072407,True,False,-0.000800296664238
191,START|mild|lt2,0.0131949186325,-0.0338834926952,0.012008190155,0.0131949186325,0.0338834926952,0.472602739726,False,False,0.00108598172665
192,END|mild|2to4,0.00490707159042,0.00762970140204,0.0135279744864,0.00490707159042,0.00762970140204,0.149706457926,True,True,0.00495824217796
193,START|mild|2to4,0.0103514790535,0.029466742184,0.00960047543049,0.0103514790535,0.029466742184,0.409980430528,True,False,0.00747586041689
194,START|mild|2to4,-0.00679051876068,-0.041895466391,-0.00908303260803,0.00679051876068,0.041895466391,0.464774951076,True,False,6.98640942574e-05
195,START|mild|lt2,0.000904440879822,0.0293206030037,0.000701691955328,0.000904440879822,0.0293206030037,0.302348336595,True,False,-0.0011875256896
196,END|strong|2to4,0.0105863213539,0.0159321250394,-0.0154554769397,0.0105863213539,0.0159321250394,0.287671232877,True,False,0.00937033444643
197,START|mild|2to4,-0.0065626502037,0.0539367496967,-0.0245828256011,0.0065626502037,0.0539367496967,0.513698630137,True,False,0.00184379518032
198,START|mild|2to4,0.0372895598412,-0.0245177741162,-0.00757862627506,0.0372895598412,0.0245177741162,0.594911937378,False,False,-0.0224460586905
199,START|mild|lt2,0.0286728143692,-0.0171925525647,-0.00618062913418,0.0286728143692,0.0171925525647,0.463796477495,False,False,-0.000422313809395
200,END|mild|2to4,0.0210055112839,0.00745885097422,0.00708404928446,0.0210055112839,0.00745885097422,0.308219178082,True,True,0.00449405610561
201,START|mild|lt2,0.0208213329315,0.0332007417455,-0.0181222707033,0.0208213329315,0.0332007417455,0.54011741683,False,False,0.00420735776424
202,START|medium|2to4,0.0501579046249,0.0495413548779,0.00476690381765,0.0501579046249,0.0495413548779,0.831702544031,False,False,0.0927824899554
203,START|mild|lt2,0.0103577375412,-0.0148955045734,-0.00656826794147,0.0103577375412,0.0148955045734,0.274951076321,True,False,0.00148966908455
204,END|mild|2to4,0.0137774348259,0.0103943492286,0.0235240031034,0.0137774348259,0.0103943492286,0.272015655577,True,True,-0.00331425666809
205,END|mild|lt2,0.030320584774,-0.00328530091792,-0.0141683779657,0.030320584774,0.00328530091792,0.331702544031,True,False,-0.00432696938515
206,END|medium|2to4,0.0147271752357,0.0212263907306,-0.00131938606501,0.0147271752357,0.0212263907306,0.379647749511,True,True,-0.00272405892611
207,END|medium|2to4,0.0119680762291,-0.0150780053809,-0.000886432826519,0.0119680762291,0.0150780053809,0.293542074364,True,True,0.00665947794914
208,END|medium|lt2,0.00987446308136,0.0539076793939,-0.00295479595661,0.00987446308136,0.0539076793939,0.544031311155,True,False,6.06030225754e-05
209,START|medium|2to4,0.000547111034393,0.0261054933071,0.00468678213656,0.000547111034393,0.0261054933071,0.271037181996,True,True,0.00415545701981
210,END|medium|2to4,0.0893952250481,0.0145554123446,-0.0090833902359,0.0893952250481,0.0145554123446,0.627201565558,False,False,-0.00301651656628
211,START|medium|2to4,0.0146687626839,0.0489795189351,0.0133185908198,0.0146687626839,0.0489795189351,0.568493150685,True,False,0.00600984692574
212,END|mild|lt2,0.00738453865051,-0.00474015367217,0.0106080174446,0.00738453865051,0.00474015367217,0.146771037182,True,True,-0.00191432237625
213,END|mild|lt2,0.0127822756767,0.0241341742221,-0.00885657966137,0.0127822756767,0.0241341742221,0.383561643836,False,False,0.00357837975025
214,END|mild|2to4,0.0561026334763,0.0156167147215,-0.027470767498,0.0561026334763,0.0156167147215,0.593933463796,False,False,0.00351096689701
215,START|mild|lt2,0.0358325839043,-0.0234212558717,7.30454921722e-05,0.0358325839043,0.0234212558717,0.574363992172,False,False,0.00320794433355
216,START|mild|2to4,0.0152698755264,-0.0182669649366,-0.000126197934151,0.0152698755264,0.0182669649366,0.351272015656,True,False,-0.00199484080076
217,START|mild|2to4,0.062213242054,0.0194367824588,-0.0094527900219,0.062213242054,0.0194367824588,0.643835616438,False,False,-0.00202774256468
218,END|mild|lt2,0.0338807106018,0.0384422610514,-0.00830134749413,0.0338807106018,0.0384422610514,0.685909980431,False,False,-0.000161580741405
219,END|mild|2to4,0.0397430062294,-0.00712859490886,-0.00686533004045,0.0397430062294,0.00712859490886,0.451076320939,True,False,-0.000908449292183
220,START|mild|lt2,0.010707616806,-0.0401240710635,0.00489144027233,0.010707616806,0.0401240710635,0.495107632094,False,False,0.00149525702
221,START|mild|2to4,0.0225996375084,-0.00607276242226,0.00102028995752,0.0225996375084,0.00607276242226,0.307240704501,True,True,0.00617135316133
222,START|mild|lt2,0.00278896093369,0.00349277886562,-0.00383128970861,0.00278896093369,0.00349277886562,0.0763209393346,True,True,-0.00160001218319
223,END|mild|2to4,0.0516213178635,0.00471043679863,-0.0234482809901,0.0516213178635,0.00471043679863,0.47553816047,True,False,0.00111746788025
224,END|medium|2to4,0.0501654744148,0.0421068514697,-0.0247481614351,0.0501654744148,0.0421068514697,0.800391389432,False,False,0.00631772726774
225,START|mild|2to4,0.0194283723831,0.00399904372171,0.0322751998901,0.0194283723831,0.00399904372171,0.253424657534,True,True,0.00699869543314
226,END|medium|2to4,0.0575376152992,-0.0791802019812,0.0248316079378,0.0575376152992,0.0791802019812,0.916829745597,False,False,0.00520666688681
227,START|medium|2to4,0.0442945957184,0.0194448286202,-0.0244899503887,0.0442945957184,0.0194448286202,0.588062622309,True,False,0.00104460120201
228,START|mild|lt2,0.0240851640701,-0.00932556646876,0.0176745913923,0.0240851640701,0.00932556646876,0.35518590998,True,False,-0.000228703022003
229,END|strong|2to4,-0.0125829577446,0.000951492693275,-0.0173005498946,0.0125829577446,0.000951492693275,0.150684931507,True,True,0.0060757920146
230,START|mild|lt2,0.00893747806549,0.0216968106106,-0.00199862569571,0.00893747806549,0.0216968106106,0.324853228963,True,False,-0.000983104109764
231,END|mild|lt2,0.0394529700279,0.0354154710658,0.00841792672873,0.0394529700279,0.0354154710658,0.702544031311,False,False,-0.00120181590319
232,START|mild|2to4,0.0343980193138,-0.0290614459664,0.0223770812154,0.0343980193138,0.0290614459664,0.615459882583,False,False,0.0057565048337
233,START|medium|2to4,0.0121114253998,0.0170205563772,-0.0276773050427,0.0121114253998,0.0170205563772,0.312133072407,True,True,0.00979191809893
234,START|mild|2to4,-0.0333008766174,0.0366101239342,-0.0199965238571,0.0333008766174,0.0366101239342,0.664383561644,False,False,0.00166323781013
235,END|mild|lt2,-0.0133776664734,-0.0255869766697,0.00745864212513,0.0133776664734,0.0255869766697,0.407045009785,False,False,0.00259679555893
236,START|mild|lt2,0.00921720266342,0.0440075139049,-0.0065690651536,0.00921720266342,0.0440075139049,0.499021526419,False,False,0.00227758288383
237,END|mild|2to4,0.0267714858055,0.0762867666781,-0.00633317232132,0.0267714858055,0.0762867666781,0.749510763209,False,False,0.00431436300278
238,START|mild|2to4,0.0554766654968,-0.0198082188144,-0.029457565397,0.0554766654968,0.0198082188144,0.632093933464,False,False,0.00171249359846
239,END|mild|lt2,0.000153958797455,0.0159671893343,0.0100583583117,0.000153958797455,0.0159671893343,0.172211350294,True,True,0.000203661620617
240,START|mild|lt2,0.0056956410408,-0.0195752731524,0.00864595174789,0.0056956410408,0.0195752731524,0.271037181996,True,True,-0.000846549868584
241,END|mild|2to4,-0.0158793330193,0.0152890428435,-0.00730714574456,0.0158793330193,0.0152890428435,0.329745596869,True,True,-0.000736892223358
242,END|mild|lt2,-0.00380605459213,-0.00575472088531,0.00141659751534,0.00380605459213,0.00575472088531,0.114481409002,True,True,-0.00103280693293
243,END|medium|2to4,0.0979071855545,0.029390122043,0.0201595872641,0.0979071855545,0.029390122043,0.772994129159,False,False,0.00416342169046
244,START|medium|lt2,0.0160979628563,0.0173324167263,0.00972903519869,0.0160979628563,0.0173324167263,0.351272015656,True,False,-0.00170050561428
245,END|mild|2to4,0.0371026992798,0.0113567817025,0.0172021985054,0.0371026992798,0.0113567817025,0.46771037182,True,False,-0.00294955074787
246,START|mild|lt2,0.0602692961693,-0.0384625685401,0.0162606500089,0.0602692961693,0.0384625685401,0.804305283757,False,False,-0.00164541602135
247,START|mild|2to4,0.0292347669601,0.0381699942518,-0.0075174048543,0.0292347669601,0.0381699942518,0.643835616438,False,False,0.000572741031647
248,START|mild|2to4,0.0114869475365,0.0206169928424,-0.0102765411139,0.0114869475365,0.0206169928424,0.344422700587,True,True,-0.00138083100319
249,END|medium|2to4,0.0379924178123,-0.0237730215304,0.000635094940662,0.0379924178123,0.0237730215304,0.592954990215,False,False,0.00421874970198
250,START|medium|2to4,0.0160594582558,-0.0112833972089,0.0055815987289,0.0160594582558,0.0112833972089,0.291585127202,True,True,0.00346028804779
251,START|medium|2to4,0.024033665657,-0.0387796622235,0.0154983848333,0.024033665657,0.0387796622235,0.615459882583,False,False,-0.000871419906616
252,END|mild|lt2,-0.015520632267,-0.0253105778247,-0.00150031596422,0.015520632267,0.0253105778247,0.420743639922,False,False,0.0052307471633
253,START|medium|ge4,0.048888027668,0.037240475649,0.034976221621,0.048888027668,0.037240475649,0.753424657534,False,False,0.00140258669853
254,END|mild|2to4,1.84774398804e-05,-0.00923553644679,-0.00367158278823,1.84774398804e-05,0.00923553644679,0.102739726027,True,True,-0.000534296035767
255,END|mild|lt2,0.00399529933929,-0.0642864541151,-0.00692863017321,0.00399529933929,0.0642864541151,0.509784735812,False,False,0.000161483883858
256,END|mild|2to4,-0.00823885202408,0.0633889983874,0.0082063600421,0.00823885202408,0.0633889983874,0.559686888454,False,False,-0.00156588852406
257,START|mild|2to4,0.0102759003639,-0.000273881945759,-0.00257900357246,0.0102759003639,0.000273881945759,0.119373776908,True,True,-0.00246442109346
258,END|medium|2to4,0.0227522850037,0.0248933569528,-0.00757351517677,0.0227522850037,0.0248933569528,0.487279843444,True,False,0.00385285168886
259,END|mild|2to4,0.0671801567078,0.0254678886849,0.0219033583999,0.0671801567078,0.0254678886849,0.710371819961,False,False,0.000449538230896
260,END|mild|2to4,-0.0115646123886,-0.0331390476786,0.00191702693701,0.0115646123886,0.0331390476786,0.452054794521,True,False,-0.00148743391037
261,END|mild|2to4,0.0451794862747,0.0209469678812,0.00533761829138,0.0451794862747,0.0209469678812,0.608610567515,False,False,-0.00674091279507
262,END|strong|ge4,0.0382937192917,0.0623336329591,-0.0067048445344,0.0382937192917,0.0623336329591,0.816046966732,False,False,0.00701654702425
263,END|mild|2to4,0.0273303985596,0.0683127783705,0.0112957283854,0.0273303985596,0.0683127783705,0.746575342466,False,False,0.00388054549694
264,START|mild|lt2,0.0135568380356,-0.0223693244625,-0.00162839889526,0.0135568380356,0.0223693244625,0.377690802348,True,False,-0.000733196735382
265,END|mild|lt2,0.0301736593246,0.0227460644674,-0.01101815328,0.0301736593246,0.0227460644674,0.523483365949,False,False,0.00059275329113
266,START|mild|lt2,0.0200099349022,0.0074286791496,0.00658379495144,0.0200099349022,0.0074286791496,0.294520547945,True,False,5.05596399307e-05
267,END|strong|ge4,0.0749306678772,0.100886450848,-0.00595609098673,0.0749306678772,0.100886450848,0.960861056751,False,False,0.0202839523554
268,START|mild|2to4,0.0954855680466,0.0201238894369,-0.00681561976671,0.0954855680466,0.0201238894369,0.692759295499,False,False,0.00317950546741
269,START|strong|ge4,0.0680211186409,0.012122021988,-0.0335063710809,0.0680211186409,0.012122021988,0.584148727984,False,False,0.0153387933969
270,START|mild|lt2,-0.034687101841,-0.00574872130528,-0.012420322746,0.034687101841,0.00574872130528,0.400195694716,False,False,0.000702127814293
271,END|mild|lt2,-0.0041931271553,-0.0281016263179,-0.00273837149143,0.0041931271553,0.0281016263179,0.328767123288,True,False,2.20537185669e-06
272,START|medium|ge4,0.0675210952759,0.0354546124581,0.0147787667811,0.0675210952759,0.0354546124581,0.793542074364,False,False,0.0130306109786
273,START|mild|lt2,0.00903344154358,0.0300030387007,0.0221944861114,0.00903344154358,0.0300030387007,0.396281800391,True,False,0.000859662890434
274,END|strong|ge4,0.00544738769531,0.0574675451498,0.00192160159349,0.00544738769531,0.0574675451498,0.505870841487,True,True,0.000196631997824
275,START|mild|2to4,0.0210810303688,0.0425084938761,0.00416776537895,0.0210810303688,0.0425084938761,0.611545988258,False,False,0.00924147665501
276,END|mild|2to4,0.0329555273056,0.0183787932619,0.0221668481827,0.0329555273056,0.0183787932619,0.504892367906,True,False,0.00189960002899
277,END|mild|lt2,0.032512485981,0.0124857365154,0.0150102637708,0.032512485981,0.0124857365154,0.444227005871,False,False,0.00188363343477
278,START|medium|lt2,0.0249321460724,0.0199161141645,0.00409761816263,0.0249321460724,0.0199161141645,0.46771037182,False,False,0.00278857350349
279,END|medium|2to4,0.0178393721581,0.0509031962138,-0.00150638818741,0.0178393721581,0.0509031962138,0.614481409002,False,False,0.00122909992933
280,END|mild|2to4,0.0426890850067,-0.0150630588178,0.011540517211,0.0426890850067,0.0150630588178,0.54011741683,False,False,0.00358280539513
281,END|mild|2to4,0.0330075621605,-0.0301222007256,0.018168836832,0.0330075621605,0.0301222007256,0.611545988258,False,False,0.00348515063524
282,START|mild|lt2,-0.270710945129,-0.0406133546494,0.0124431848526,0.270710945129,0.0406133546494,0.877690802348,False,False,-0.000228676944971
283,END|mild|lt2,-0.0355209112167,-0.0410585345235,-0.00950956344604,0.0355209112167,0.0410585345235,0.716242661448,False,False,-0.000802367925644
284,END|mild|2to4,0.0331530570984,0.0444024885073,0.0049759671092,0.0331530570984,0.0444024885073,0.713307240705,False,False,-0.00203116238117
285,START|medium|ge4,0.0217837095261,-0.0407498639543,0.0106713175774,0.0217837095261,0.0407498639543,0.606653620352,True,False,0.0156776458025
286,END|mild|lt2,0.0107020139694,0.0243359250017,0.00191027671099,0.0107020139694,0.0243359250017,0.364970645793,True,False,0.00279726088047
287,END|medium|lt2,0.0305946469307,-0.0111991176382,-0.00600766390562,0.0305946469307,0.0111991176382,0.421722113503,True,True,0.00247841328382
288,END|mild|lt2,0.0421453118324,0.00167882116511,0.0247681736946,0.0421453118324,0.00167882116511,0.394324853229,False,False,0.000879436731339
289,END|mild|2to4,-0.00299876928329,0.00748806633055,0.00732119753957,0.00299876928329,0.00748806633055,0.124266144814,True,True,0.00157350301743
290,START|medium|2to4,0.0357128977776,0.0489880887326,0.0145606175065,0.0357128977776,0.0489880887326,0.750489236791,False,False,-0.0023575425148
291,START|mild|lt2,0.0121243596077,0.0258777015842,-0.0143522396684,0.0121243596077,0.0258777015842,0.398238747554,True,False,-0.00661044567823
292,START|medium|ge4,0.0506016016006,0.0132213456091,-0.0073649212718,0.0506016016006,0.0132213456091,0.55675146771,True,True,0.0155627466738
293,START|mild|2to4,-0.00539582967758,0.0149633390829,-0.0202588587999,0.00539582967758,0.0149633390829,0.218199608611,True,True,0.00596883893013
294,END|medium|lt2,0.0216366648674,0.0491511668079,-0.00200779736042,0.0216366648674,0.0491511668079,0.642857142857,False,False,0.0067208185792
295,START|strong|ge4,0.0526634454727,0.0408227413427,-0.0136734321713,0.0526634454727,0.0408227413427,0.800391389432,False,False,0.00695717707276
296,START|medium|ge4,-0.0343064665794,-0.0246127375867,0.00641861557961,0.0343064665794,0.0246127375867,0.573385518591,True,True,0.00495322048664
297,END|mild|lt2,0.01491522789,-0.0427870708518,0.00852051004767,0.01491522789,0.0427870708518,0.547945205479,False,False,-0.00109877437353
298,END|medium|ge4,0.0911388993263,0.015599001199,-0.000974178314209,0.0911388993263,0.015599001199,0.642857142857,True,False,0.0128336399794
299,END|mild|lt2,0.00333565473557,-0.0358123155311,0.0192568302155,0.00333565473557,0.0358123155311,0.37866927593,True,False,-0.000173054635525
300,END|mild|2to4,0.00706553459167,-0.0282637495548,-0.015465810895,0.00706553459167,0.0282637495548,0.368884540117,True,False,-0.00112071633339
301,END|medium|lt2,0.04744130373,-0.0248911194503,-0.0176774859428,0.04744130373,0.0248911194503,0.650684931507,False,False,-0.00189983844757
302,END|mild|2to4,0.102447032928,0.00865590549074,-0.00470619648695,0.102447032928,0.00865590549074,0.586105675147,False,False,0.010172560811
303,END|mild|2to4,-0.00153440237045,-0.0478376180399,0.00482543557882,0.00153440237045,0.0478376180399,0.432485322896,True,False,0.000669047236443
304,START|mild|lt2,-0.00444495677948,-0.0322541315109,0.00736354291439,0.00444495677948,0.0322541315109,0.367906066536,True,False,-0.00337494909763
305,END|mild|2to4,0.00952410697937,-0.0673741616774,-0.0229730531573,0.00952410697937,0.0673741616774,0.579256360078,False,False,0.00161520391703
306,END|mild|2to4,0.0380486249924,-0.0185085637495,0.00444702804089,0.0380486249924,0.0185085637495,0.546966731898,False,False,0.00557826459408
307,START|mild|2to4,0.0242259502411,0.00568341417238,-0.00193057581782,0.0242259502411,0.00568341417238,0.320939334638,True,True,0.00740614533424
308,END|mild|2to4,-0.0204580426216,0.00321580376476,0.00541976094246,0.0204580426216,0.00321580376476,0.246575342466,True,True,0.00270839780569
309,START|mild|lt2,0.000658273696899,-0.0276712051127,-0.0105332955718,0.000658273696899,0.0276712051127,0.285714285714,True,False,-0.00106003135443
310,START|medium|lt2,-0.086515724659,-0.0628026481718,0.0089734941721,0.086515724659,0.0628026481718,0.932485322896,False,False,-0.00151155889034
311,START|medium|lt2,0.0285248160362,0.0513815323357,0.0320335999131,0.0285248160362,0.0513815323357,0.707436399217,False,False,-0.00254948064685
312,END|medium|2to4,0.15325909853,0.0307173412293,-0.043264394626,0.15325909853,0.0307173412293,0.797455968689,False,False,0.0135397985578
313,END|mild|2to4,-0.00548613071442,-0.0229265147354,-0.0064243003726,0.00548613071442,0.0229265147354,0.297455968689,True,True,0.00846076011658
314,END|mild|lt2,0.0274155139923,-0.0510532697663,-0.000548861920834,0.0274155139923,0.0510532697663,0.695694716243,False,False,1.09225511551e-05
315,END|mild|2to4,-0.0510126948357,-0.0644682263955,0.0376351550221,0.0510126948357,0.0644682263955,0.882583170254,False,False,0.00966663658619
316,END|mild|lt2,0.0309860706329,-0.00201010005549,-0.0128774531186,0.0309860706329,0.00201010005549,0.323874755382,True,False,-0.000614657998085
317,END|mild|lt2,0.0385858416557,0.0271661821753,0.0216093659401,0.0385858416557,0.0271661821753,0.631115459883,False,False,-0.00182616710663
318,START|mild|lt2,0.0177313089371,0.00249749468639,0.0144747570157,0.0177313089371,0.00249749468639,0.219178082192,True,True,0.00143003463745
319,END|mild|2to4,0.0212246775627,-0.00682370876893,-0.0182663612068,0.0212246775627,0.00682370876893,0.304305283757,True,True,0.0129521340132
320,END|mild|2to4,-0.0228042006493,0.00228103017434,0.015003181994,0.0228042006493,0.00228103017434,0.263209393346,True,True,-0.00731585919857
321,END|mild|2to4,0.0349597334862,0.0654083725531,-0.000137582421303,0.0349597334862,0.0654083725531,0.79843444227,False,False,0.0058366432786
322,END|mild|2to4,0.0187214016914,-0.0209633051418,-0.00127296149731,0.0187214016914,0.0209633051418,0.416829745597,True,False,0.00501441210508
323,END|mild|2to4,0.0312334895134,-0.0602680665907,0.00699035823345,0.0312334895134,0.0602680665907,0.756360078278,False,False,-0.0078317373991
324,START|medium|2to4,0.0211768746376,0.0500003858469,-0.0165966004133,0.0211768746376,0.0500003858469,0.643835616438,False,False,0.0162967741489
325,END|mild|lt2,-0.028335750103,-0.00442462461069,-0.0157525464892,0.028335750103,0.00442462461069,0.334637964775,True,False,-0.000822052359581
326,START|medium|2to4,0.0304269194603,0.0629469701089,0.0233428180218,0.0304269194603,0.0629469701089,0.756360078278,False,False,0.00551736354828
327,START|medium|ge4,0.0530941486359,-0.0303076221608,-0.0138121917844,0.0530941486359,0.0303076221608,0.722113502935,False,False,0.00157756358385
328,START|mild|lt2,0.0192065834999,-0.0064154220745,0.00749690085649,0.0192065834999,0.0064154220745,0.277886497065,True,False,-0.000651076436043
329,START|mild|2to4,0.0797287225723,-0.0376602394972,-0.0025491528213,0.0797287225723,0.0376602394972,0.821917808219,False,False,-0.00110394507647
330,START|mild|lt2,0.00095546245575,0.0190184358507,-0.00309853628278,0.00095546245575,0.0190184358507,0.210371819961,True,True,0.00302721560001
331,START|mild|2to4,0.05013859272,0.0290175816044,-0.0100025832653,0.05013859272,0.0290175816044,0.698630136986,False,False,-0.00122314691544
332,END|mild|lt2,0.0199758410454,-0.0400695740245,0.0150249749422,0.0199758410454,0.0400695740245,0.578277886497,False,False,-0.00285187363625
333,END|mild|2to4,0.0242763757706,-0.0151896483731,0.0121619850397,0.0242763757706,0.0151896483731,0.413894324853,True,False,0.00280798971653
334,START|mild|lt2,-0.000948011875153,-0.0409876985941,0.00462517142296,0.000948011875153,0.0409876985941,0.394324853229,True,False,0.000973083078861
335,START|mild|2to4,0.0117846727371,0.00168108777143,-0.000250153243542,0.0117846727371,0.00168108777143,0.149706457926,True,True,0.005833953619
336,START|mild|lt2,0.00923001766205,0.038556905929,0.00755990296602,0.00923001766205,0.038556905929,0.469667318982,False,False,-0.00516077876091
337,START|mild|2to4,0.00472158193588,0.0782502291258,-0.0108670517802,0.00472158193588,0.0782502291258,0.537181996086,False,False,0.00475935637951
338,END|mild|lt2,0.0709661245346,0.0559149703477,-0.00980423390865,0.0709661245346,0.0559149703477,0.899217221135,False,False,-0.0135420113802
339,END|medium|2to4,0.0293220281601,-0.0243756333366,0.00237682461739,0.0293220281601,0.0243756333366,0.531311154599,True,False,0.00651361048222
340,START|mild|lt2,0.0479741692543,-0.00755350594409,-0.00440503656864,0.0479741692543,0.00755350594409,0.491193737769,False,False,0.000844910740852
341,END|mild|2to4,0.0147669315338,-0.000164048280567,0.0175651088357,0.0147669315338,0.000164048280567,0.158512720157,True,True,0.00195623934269
342,START|mild|2to4,0.0346384644508,-0.0177373131737,-0.00174463540316,0.0346384644508,0.0177373131737,0.515655577299,True,False,0.000555172562599
343,START|mild|lt2,-0.0154505372047,0.0476311454549,-0.00929161906242,0.0154505372047,0.0476311454549,0.571428571429,False,False,0.00166615843773
344,END|mild|2to4,0.0283334255219,0.00810080813244,-0.00315107777715,0.0283334255219,0.00810080813244,0.376712328767,True,False,-0.00234676897526
345,END|mild|2to4,0.044314801693,0.0102819413878,-0.0200397223234,0.044314801693,0.0102819413878,0.505870841487,True,False,0.000665530562401
346,START|mild|lt2,0.019536614418,0.000860864762217,0.0175730735064,0.019536614418,0.000860864762217,0.213307240705,True,True,-0.00111548602581
347,START|strong|2to4,0.0236423611641,0.00718159787357,-0.00838439166546,0.0236423611641,0.00718159787357,0.329745596869,True,True,0.0176369845867
348,END|mild|lt2,0.0209003090858,0.0711983279325,-0.00416035205126,0.0209003090858,0.0711983279325,0.699608610568,False,False,0.00844222307205
349,END|mild|2to4,0.0580590963364,0.0137008335441,-0.0243257284164,0.0580590963364,0.0137008335441,0.576320939335,False,False,-0.00512270629406
350,END|medium|2to4,0.0539379715919,-0.0334725300781,0.00532553344965,0.0539379715919,0.0334725300781,0.749510763209,False,False,-0.00867163389921
351,START|mild|lt2,-0.00603222846985,0.00952245481312,0.0150915682316,0.00603222846985,0.00952245481312,0.178082191781,True,True,0.00127393007278
352,START|mild|2to4,-0.0102225542068,-0.0173849218991,0.00391975045204,0.0102225542068,0.0173849218991,0.29843444227,True,True,0.00332498550415
353,START|mild|2to4,0.03048568964,-0.0558999117929,0.00593700632453,0.03048568964,0.0558999117929,0.737769080235,False,False,-0.000801384449005
354,START|mild|2to4,0.000398218631744,0.0622721866239,-0.00688417255878,0.000398218631744,0.0622721866239,0.463796477495,True,False,0.00339196622372
355,START|medium|lt2,0.0394002199173,0.0195178149734,0.00393746048212,0.0394002199173,0.0195178149734,0.566536203523,False,False,-0.00109424442053
356,END|medium|2to4,0.0304511785507,-0.0227579036728,0.00549588352442,0.0304511785507,0.0227579036728,0.529354207436,True,False,0.00164330750704
357,END|medium|lt2,0.029890537262,0.0258684232831,0.00299321115017,0.029890537262,0.0258684232831,0.549902152642,False,False,0.0010536685586
358,START|mild|2to4,0.0473995804787,-0.0656000841409,-0.0322875827551,0.0473995804787,0.0656000841409,0.865949119374,False,False,0.000617347657681
359,START|mild|2to4,0.02305996418,0.0572786149569,0.00541852414608,0.02305996418,0.0572786149569,0.682974559687,False,False,0.00285682082176
360,START|mild|2to4,0.00354641675949,-0.00359769584611,0.0091855712235,0.00354641675949,0.00359769584611,0.0900195694716,True,True,-0.00294901430607
361,START|mild|lt2,0.0245980024338,-0.0351643546019,0.0178871005774,0.0245980024338,0.0351643546019,0.594911937378,False,False,-0.000490993261337
362,END|medium|2to4,0.060929775238,-0.00391494529322,-0.0148601233959,0.060929775238,0.00391494529322,0.493150684932,True,False,0.00076500326395
363,END|medium|lt2,0.0740831494331,0.0611228793859,-0.0228354632854,0.0740831494331,0.0611228793859,0.920743639922,False,False,5.37782907486e-05
364,END|mild|2to4,0.00183540582657,-0.00965001946315,0.0105319544673,0.00183540582657,0.00965001946315,0.132093933464,True,True,0.00159266591072
365,START|medium|lt2,0.00593692064285,0.0166063676588,-0.00796459615231,0.00593692064285,0.0166063676588,0.245596868885,True,True,0.0093190446496
366,START|mild|lt2,0.0534909963608,-0.0441353023052,-0.000858649611473,0.0534909963608,0.0441353023052,0.819960861057,False,False,0.00310973823071
367,END|mild|2to4,0.0576868057251,0.0487360525876,0.0178767591715,0.0576868057251,0.0487360525876,0.845401174168,False,False,-0.000607773661613
368,START|mild|lt2,0.0593191385269,0.0398575642612,-0.0160673595965,0.0593191385269,0.0398575642612,0.80626223092,False,False,-0.000221744179726
369,START|medium|2to4,0.0408883690834,0.0606782496907,-0.0201539508998,0.0408883690834,0.0606782496907,0.828767123288,False,False,0.00446075201035
370,END|mild|lt2,0.0231323838234,0.0131295335013,0.0195804163814,0.0231323838234,0.0131295335013,0.379647749511,True,False,-0.000612489879131
371,START|mild|lt2,-0.00114440917969,-0.00784616591409,0.0141819342971,0.00114440917969,0.00784616591409,0.11252446184,True,True,-0.00127209722996
372,START|mild|2to4,0.0382063984871,0.0405197222717,-0.00402650982141,0.0382063984871,0.0405197222717,0.732876712329,False,False,0.00494179129601
373,END|mild|lt2,-0.00473272800446,0.0250496801455,0.0192212313414,0.00473272800446,0.0250496801455,0.308219178082,True,False,0.00100472569466
374,END|mild|lt2,0.00425046682358,-0.0254934728146,0.00274758040905,0.00425046682358,0.0254934728146,0.30626223092,True,False,-0.00145572423935
375,END|mild|lt2,0.00614750385284,-0.0138421445154,0.0142025202513,0.00614750385284,0.0138421445154,0.218199608611,True,True,0.00263630598783
376,END|mild|lt2,0.0171226859093,0.04770636186,0.00684999674559,0.0171226859093,0.04770636186,0.592954990215,False,False,0.00103209912777
377,START|mild|2to4,0.001844227314,-0.0128627151717,0.00117695331573,0.001844227314,0.0128627151717,0.1614481409,True,True,-0.00408238172531
378,END|mild|2to4,0.00643658638,0.0360022373497,0.00467209890485,0.00643658638,0.0360022373497,0.418786692759,True,False,0.00661404430866
379,START|mild|lt2,-0.0236539244652,-0.0281182345934,0.00687639787793,0.0236539244652,0.0281182345934,0.529354207436,False,False,-0.00374558568001
380,END|medium|ge4,0.0390655398369,0.0271661086008,0.0215585082769,0.0390655398369,0.0271661086008,0.633072407045,True,False,0.00518713891506
381,END|mild|lt2,0.00572681427002,-0.0212209916208,0.00725193321705,0.00572681427002,0.0212209916208,0.291585127202,True,False,-0.00281982123852
382,START|mild|lt2,0.020557641983,-0.0247634390835,0.0123817920685,0.020557641983,0.0247634390835,0.462818003914,False,False,-0.00463075935841
383,END|mild|2to4,0.0820043087006,-0.0201634047553,0.00241855531931,0.0820043087006,0.0201634047553,0.682974559687,False,False,0.0032435208559
384,END|mild|2to4,0.0277795791626,-0.00634312140755,-0.0116504356265,0.0277795791626,0.00634312140755,0.347358121331,True,False,-0.00713916122913
385,START|strong|ge4,0.00637644529343,0.0163087937981,-0.0297245196998,0.00637644529343,0.0163087937981,0.246575342466,True,True,0.0165082365274
386,START|mild|2to4,-0.0132663249969,0.00967934145592,-0.00399764627218,0.0132663249969,0.00967934145592,0.256360078278,True,True,-0.00104281306267
387,END|mild|lt2,0.0336700677872,0.0299200904556,-0.00250006467104,0.0336700677872,0.0299200904556,0.614481409002,False,False,0.00335545837879
388,START|mild|2to4,0.0460692644119,0.0593569204211,-0.00829955935478,0.0460692644119,0.0593569204211,0.84637964775,False,False,0.00197325646877
389,END|medium|2to4,0.033572435379,0.00474898912944,-0.015515036881,0.033572435379,0.00474898912944,0.379647749511,True,True,0.010920830071
390,END|medium|2to4,0.00271421670914,-0.0080358972773,-0.0237283706665,0.00271421670914,0.0080358972773,0.128180039139,True,True,0.00735713541508
391,START|medium|2to4,0.0685270428658,0.0630676189903,0.00508834421635,0.0685270428658,0.0630676189903,0.919765166341,False,False,0.0055900067091
392,END|mild|2to4,-0.0194424390793,-0.0519211823121,0.0288821533322,0.0194424390793,0.0519211823121,0.631115459883,False,False,0.00356686115265
393,END|mild|2to4,0.0079100728035,-0.00206226622686,0.00186493247747,0.0079100728035,0.00206226622686,0.116438356164,True,True,0.00638637691736
394,END|mild|lt2,0.0113494992256,0.0370889818296,-0.00577027350664,0.0113494992256,0.0370889818296,0.473581213307,False,False,-0.000500723719597
395,END|medium|ge4,0.0585918426514,0.0836586370133,0.00518900901079,0.0585918426514,0.0836586370133,0.925636007828,False,False,0.00741536915302
396,END|mild|lt2,0.010305583477,-0.0279834845569,-0.0125035643578,0.010305583477,0.0279834845569,0.396281800391,False,False,-0.000755615532398
397,END|medium|lt2,0.0420331954956,0.0101606824901,0.0192091390491,0.0420331954956,0.0101606824901,0.490215264188,True,False,0.00267393887043
398,END|mild|lt2,0.0252610445023,-0.0299191661179,-0.00713804364204,0.0252610445023,0.0299191661179,0.554794520548,False,False,0.000287123024464
399,END|medium|2to4,0.0297566652298,-0.00355341937393,-0.00350055843592,0.0297566652298,0.00355341937393,0.334637964775,True,True,0.00380571931601
400,END|medium|2to4,0.062520802021,0.0706311645918,-0.0303125120699,0.062520802021,0.0706311645918,0.924657534247,False,False,0.0105985403061
401,START|mild|lt2,0.0112220048904,0.00959052960388,-0.00439471006393,0.0112220048904,0.00959052960388,0.229941291585,True,True,0.00280191004276
402,END|medium|2to4,0.0301668643951,0.0656746292952,0.0148596391082,0.0301668643951,0.0656746292952,0.760273972603,False,False,-0.00185468792915
403,END|mild|lt2,0.0281540155411,0.00485935225151,0.00275468081236,0.0281540155411,0.00485935225151,0.337573385519,True,False,-0.000724866986275
404,END|mild|2to4,0.0372533798218,0.057872162899,-0.00649110972881,0.0372533798218,0.057872162899,0.794520547945,False,False,0.00440829992294
405,START|mild|2to4,0.0372357964516,0.0661754503381,-0.0156074613333,0.0372357964516,0.0661754503381,0.817025440313,False,False,0.00111817568541
406,START|mild|2to4,0.0391423106194,0.0126340957358,-0.00860734283924,0.0391423106194,0.0126340957358,0.497064579256,True,False,0.00991894677281
407,END|medium|ge4,0.0730577111244,0.0205826617312,-0.0404943190515,0.0730577111244,0.0205826617312,0.6771037182,True,False,0.0142144337296
408,START|mild|2to4,0.0113418102264,-0.0171264982782,0.01091029495,0.0113418102264,0.0171264982782,0.303326810176,True,True,0.00465206801891
409,START|mild|lt2,0.0210488438606,-0.0198347133119,-0.0168905481696,0.0210488438606,0.0198347133119,0.428571428571,False,False,-6.35236501694e-05
410,END|mild|2to4,0.039254784584,-0.0379087263718,0.00307604670525,0.039254784584,0.0379087263718,0.719178082192,False,False,0.00164929032326
411,END|mild|lt2,0.0175572633743,0.0560077212285,0.0181995555758,0.0175572633743,0.0560077212285,0.62915851272,False,False,-0.0016271173954
412,START|mild|lt2,0.00485837459564,0.0350021608174,-0.00454759597778,0.00485837459564,0.0350021608174,0.390410958904,True,False,0.00296688824892
413,START|medium|2to4,0.0284284949303,0.0186835553031,-0.00967404991388,0.0284284949303,0.0186835553031,0.473581213307,True,False,-0.00482389330864
414,START|mild|lt2,0.00820201635361,0.0194493969902,-0.00678190588951,0.00820201635361,0.0194493969902,0.297455968689,True,False,-0.00680562853813
415,END|mild|lt2,0.0170173048973,-0.0822758995928,-0.000699646770954,0.0170173048973,0.0822758995928,0.670254403131,False,False,0.000262051820755
416,END|mild|lt2,0.0208043456078,0.00597131764516,0.00600167363882,0.0208043456078,0.00597131764516,0.289628180039,True,False,-0.000447504222393
417,START|mild|lt2,-0.0013375878334,-0.00578792532906,-0.0242216661572,0.0013375878334,0.00578792532906,0.0909980430528,True,True,0.00309670716524
418,END|mild|2to4,0.0362821221352,0.031343058683,0.0179464295506,0.0362821221352,0.031343058683,0.650684931507,False,False,0.000370129942894
419,END|mild|2to4,0.0204663276672,0.0210598153062,0.0167173705995,0.0204663276672,0.0210598153062,0.432485322896,True,False,0.00226201117039
420,START|mild|2to4,0.0629700422287,0.0473920137156,0.00126860290766,0.0629700422287,0.0473920137156,0.853228962818,False,False,-0.00212094187737
421,START|mild|lt2,-0.00496697425842,-0.0414610477164,0.00612466409802,0.00496697425842,0.0414610477164,0.442270058708,False,False,0.00265341997147
422,END|mild|2to4,-0.0881454348564,-0.0459030277561,0.0107928067446,0.0881454348564,0.0459030277561,0.876712328767,False,False,-0.00575964152813
423,END|medium|2to4,-0.00680458545685,0.013356405776,0.0245412066579,0.00680458545685,0.013356405776,0.223091976517,True,True,0.0127790719271
424,END|medium|2to4,0.023948431015,0.0592933706939,0.0151427835226,0.023948431015,0.0592933706939,0.698630136986,False,False,0.0042587891221
425,END|medium|lt2,0.0327978134155,0.0809365308378,-0.0186554268003,0.0327978134155,0.0809365308378,0.797455968689,False,False,0.00275714695454
426,END|mild|lt2,0.00908237695694,-0.0209890441038,0.00151592493057,0.00908237695694,0.0209890441038,0.321917808219,True,False,0.000263288617134
427,START|mild|2to4,0.0243772268295,-0.0192629634403,-0.00828470289707,0.0243772268295,0.0192629634403,0.454990215264,True,False,0.00512954592705
428,END|medium|ge4,0.0386657118797,0.0149200274609,0.0125979185104,0.0386657118797,0.0149200274609,0.515655577299,True,True,0.0394291728735
429,START|medium|2to4,0.0726836919785,0.0582262305543,0.00468144007027,0.0726836919785,0.0582262305543,0.909001956947,False,False,0.0119889006019
430,START|medium|2to4,-0.00912725925446,-0.00281057436951,0.024041749537,0.00912725925446,0.00281057436951,0.135029354207,True,True,0.000881016254425
431,START|strong|2to4,0.0191395878792,0.0226102657616,-0.0167210847139,0.0191395878792,0.0226102657616,0.429549902153,True,False,0.0279715955257
432,END|mild|lt2,0.0308095216751,0.0378012624569,0.00677738338709,0.0308095216751,0.0378012624569,0.655577299413,False,False,0.00134848058224
433,START|mild|2to4,0.0361366868019,0.0383172016591,-0.00525316596031,0.0361366868019,0.0383172016591,0.699608610568,False,False,0.00846493989229
434,END|mild|lt2,0.00376945734024,-0.00428808294237,0.00444919615984,0.00376945734024,0.00428808294237,0.0978473581213,True,True,-0.0025627091527
435,END|medium|2to4,0.0473783612251,0.0339080125559,0.00764649361372,0.0473783612251,0.0339080125559,0.725048923679,False,False,0.00439661741257
436,END|mild|2to4,0.0215597748756,-0.00723926094361,-0.0030909255147,0.0215597748756,0.00723926094361,0.311154598826,True,True,0.00216703116894
437,START|mild|lt2,0.011621773243,0.000563243869692,-0.00277982652187,0.011621773243,0.000563243869692,0.13698630137,True,True,-0.00040178000927
438,START|medium|2to4,0.0229510068893,-0.00690556271002,-0.0163937173784,0.0229510068893,0.00690556271002,0.320939334638,True,True,0.00200130045414
439,END|mild|lt2,-0.00324761867523,0.0221257717349,-0.00118244439363,0.00324761867523,0.0221257717349,0.263209393346,True,True,-0.00395446270704
440,START|mild|lt2,-0.00341415405273,-0.0141120166518,0.00630193203688,0.00341415405273,0.0141120166518,0.185909980431,True,True,0.000599041581154
441,START|mild|2to4,0.0404024720192,0.0307391621172,-0.0227875523269,0.0404024720192,0.0307391621172,0.6771037182,False,False,0.000561214983463
442,START|mild|2to4,0.0234473347664,-0.0383026679046,-0.00549851357937,0.0234473347664,0.0383026679046,0.603718199609,False,False,0.00488172471523
443,START|mild|2to4,0.0460500717163,-0.0145872163121,0.0110493600368,0.0460500717163,0.0145872163121,0.545988258317,False,False,0.00592587888241
444,END|mild|2to4,0.00595164299011,0.0262904195115,0.00974766910076,0.00595164299011,0.0262904195115,0.335616438356,True,False,-0.00225938856602
445,END|medium|2to4,0.00871425867081,-0.00640532909892,-0.0259535089135,0.00871425867081,0.00640532909892,0.175146771037,True,True,0.00364589691162
446,START|mild|2to4,0.0251130461693,0.0511635909788,-0.00573755800724,0.0251130461693,0.0511635909788,0.686888454012,False,False,0.00156202912331
447,START|mild|lt2,0.0154559016228,-0.00515245739371,-0.0125533863902,0.0154559016228,0.00515245739371,0.227005870841,True,True,0.000286214053631
448,END|mild|2to4,-0.0150263905525,0.0577793230768,-0.0159953460097,0.0150263905525,0.0577793230768,0.605675146771,False,False,0.00261296704412
449,END|medium|2to4,0.0273219347,-0.0277684035245,-0.00592664629221,0.0273219347,0.0277684035245,0.545988258317,True,False,0.00869254767895
450,START|mild|lt2,0.00989317893982,0.000104089267552,0.0149781815708,0.00989317893982,0.000104089267552,0.110567514677,True,True,0.00204195827246
451,END|strong|2to4,0.0244878530502,0.0122587149963,0.0119762010872,0.0244878530502,0.0122587149963,0.38747553816,True,False,0.000216327607632
452,END|mild|lt2,0.00022554397583,0.0116442872677,-0.000988259911537,0.00022554397583,0.0116442872677,0.12915851272,True,True,0.00523339211941
453,START|mild|2to4,-0.0163413286209,-0.0505893263035,-0.0139263346791,0.0163413286209,0.0505893263035,0.591976516634,False,False,-0.000132754445076
454,END|mild|2to4,0.011817574501,0.0327754300088,0.0226769372821,0.011817574501,0.0327754300088,0.453033268102,True,False,0.00564378499985
455,START|mild|2to4,0.0767382979393,0.00368667813018,-0.0108396038413,0.0767382979393,0.00368667813018,0.516634050881,True,False,-5.55589795113e-05
456,END|mild|2to4,0.0494894385338,0.00538286473602,0.00333592295647,0.0494894385338,0.00538286473602,0.47553816047,True,False,-0.00308148562908
457,END|mild|2to4,0.028146982193,-0.024072072003,-0.00749187916517,0.028146982193,0.024072072003,0.517612524462,False,False,-0.0012958496809
458,END|mild|lt2,0.0121518373489,-0.0363784483634,0.00352226942778,0.0121518373489,0.0363784483634,0.483365949119,False,False,-0.0037751160562
459,END|medium|2to4,-0.0342221260071,0.00759206828661,-0.000500872731209,0.0342221260071,0.00759206828661,0.416829745597,True,False,0.00306107103825
460,END|mild|2to4,-0.0486651659012,0.0237937588245,0.0238839313388,0.0486651659012,0.0237937588245,0.643835616438,False,False,0.016525901854
461,END|medium|ge4,0.110619425774,0.0374935804866,0.00963854044676,0.110619425774,0.0374935804866,0.839530332681,False,False,0.0090242177248
462,END|medium|2to4,0.0290305018425,-0.0440011550672,-0.00908574461937,0.0290305018425,0.0440011550672,0.679060665362,False,False,0.0113598033786
463,END|mild|2to4,0.0070116519928,0.0165559053421,0.00600016117096,0.0070116519928,0.0165559053421,0.257338551859,True,True,-0.00793413817883
464,START|mild|2to4,0.0434024333954,-0.00347076333128,0.00826231390238,0.0434024333954,0.00347076333128,0.428571428571,True,False,0.000272519886494
465,START|medium|2to4,0.0371664762497,-0.00495439767838,0.0207350924611,0.0371664762497,0.00495439767838,0.407045009785,True,True,-0.00189447402954
466,END|mild|2to4,0.0218778252602,-0.0475282054394,0.00321314483881,0.0218778252602,0.0475282054394,0.63698630137,False,False,-0.00374822318554
467,END|mild|lt2,0.0278221964836,-0.0310479062609,-0.0169196426868,0.0278221964836,0.0310479062609,0.582191780822,False,False,-0.00242098048329
468,START|medium|2to4,0.028610765934,0.0277337245643,-0.00621305406094,0.028610765934,0.0277337245643,0.558708414873,True,False,-0.00600335001945
469,END|medium|2to4,0.0522010922432,0.0961918921676,0.0106186568737,0.0522010922432,0.0961918921676,0.911937377691,False,False,0.00625361502171
470,START|medium|2to4,0.0377604365349,0.0335512193851,-0.00547811388969,0.0377604365349,0.0335512193851,0.675146771037,False,False,0.00051998347044
471,START|mild|lt2,0.0168733000755,0.0375362753402,0.0101564228535,0.0168733000755,0.0375362753402,0.53228962818,False,False,0.00409238040447
472,END|medium|lt2,-0.00716108083725,-0.037773969816,0.0126280784607,0.00716108083725,0.037773969816,0.440313111546,True,False,0.00316012650728
473,END|medium|2to4,-0.00341433286667,0.012291089166,-0.0116433501244,0.00341433286667,0.012291089166,0.170254403131,True,True,5.92917203903e-05
474,START|mild|2to4,0.0268724560738,0.0658811917529,0.00188668072224,0.0268724560738,0.0658811917529,0.736790606654,False,False,-0.00373402237892
475,START|mild|2to4,0.0349945425987,0.00968248792924,0.017508611083,0.0349945425987,0.00968248792924,0.444227005871,True,False,-0.000354811549187
476,END|medium|2to4,0.0329110622406,0.001736107748,0.00560817122459,0.0329110622406,0.001736107748,0.33072407045,True,True,-0.00437806546688
477,START|mild|lt2,0.020127594471,0.0290220058523,0.00572366267443,0.020127594471,0.0290220058523,0.496086105675,False,False,0.00162881612778
478,START|medium|ge4,0.0681890845299,0.0587075487711,-0.021756529808,0.0681890845299,0.0587075487711,0.906066536204,False,False,0.0198090597987
479,START|medium|ge4,0.182542264462,0.00346847227775,0.0193390771747,0.182542264462,0.00346847227775,0.541095890411,True,True,0.00555004924536
480,START|medium|2to4,0.049255669117,0.0309392844792,-0.011531457305,0.049255669117,0.0309392844792,0.712328767123,False,False,0.00177688896656
481,END|strong|2to4,0.0595294833183,0.067820193246,-0.00793814659119,0.0595294833183,0.067820193246,0.91095890411,False,False,0.00884579122066
482,END|medium|2to4,0.0629780292511,-0.0102980851661,0.0334359705448,0.0629780292511,0.0102980851661,0.565557729941,True,False,0.01134236902
483,START|strong|2to4,0.0454176664352,0.0210832208395,-0.00137537717819,0.0454176664352,0.0210832208395,0.614481409002,False,False,0.0132399387658
484,START|medium|lt2,-0.00545871257782,-0.0303192141,0.00329916924238,0.00545871257782,0.0303192141,0.363992172211,True,False,0.000755935907364
485,START|medium|2to4,0.0225456953049,0.0269891421776,-0.00241352617741,0.0225456953049,0.0269891421776,0.501956947162,True,False,-0.000998482108116
486,START|medium|2to4,0.0168069005013,0.0118095802609,-0.00227496027946,0.0168069005013,0.0118095802609,0.304305283757,True,True,0.00530476868153
487,START|medium|ge4,0.142948746681,0.123427789891,-0.0233554914594,0.142948746681,0.123427789891,0.99217221135,False,False,0.0186994820833
488,END|medium|2to4,-0.244408130646,-0.0496661206707,0.0392735078931,0.244408130646,0.0496661206707,0.918786692759,False,False,0.00328598916531
489,START|medium|2to4,0.0185286998749,-0.030266886577,-0.0146589949727,0.0185286998749,0.030266886577,0.495107632094,True,False,0.00601525232196
490,START|medium|lt2,-0.00553560256958,0.0420129562262,-0.00537256151438,0.00553560256958,0.0420129562262,0.450097847358,True,False,0.000180624425411
491,START|medium|2to4,0.0389716625214,0.0819417801686,-0.0196467787027,0.0389716625214,0.0819417801686,0.847358121331,False,False,0.00576470792294
492,END|medium|ge4,0.0525577068329,0.0528632942587,0.00287446379662,0.0525577068329,0.0528632942587,0.851272015656,False,False,0.0208446532488
493,START|medium|2to4,0.169375360012,0.0250465180725,-0.0121936351061,0.169375360012,0.0250465180725,0.749510763209,False,False,0.0047257989645
494,START|medium|2to4,0.0207357406616,0.0139428249095,-0.0147219412029,0.0207357406616,0.0139428249095,0.361056751468,True,True,0.00807060301304
495,START|medium|2to4,0.0371108055115,0.0363138737157,0.0127479732037,0.0371108055115,0.0363138737157,0.687866927593,False,False,0.0121751576662
496,START|medium|lt2,0.0223677158356,0.0663896750193,-0.0195859447122,0.0223677158356,0.0663896750193,0.702544031311,False,False,0.00129517167807
497,END|medium|ge4,0.0497773885727,0.00947986636311,0.00841926038265,0.0497773885727,0.00947986636311,0.514677103718,True,True,0.00683124363422
498,START|medium|2to4,0.0667870044708,0.0244260253385,-0.00637829303741,0.0667870044708,0.0244260253385,0.696673189824,False,False,0.0112576037645
499,END|medium|2to4,0.0491909980774,-0.0346954776905,-0.0122105851769,0.0491909980774,0.0346954776905,0.736790606654,False,False,0.000923611223698
500,END|medium|lt2,0.0122864246368,-0.0588702862151,0.00502400100231,0.0122864246368,0.0588702862151,0.58904109589,False,False,-0.00199217349291
501,START|medium|ge4,0.0473023056984,0.0328258427326,0.00381095707417,0.0473023056984,0.0328258427326,0.716242661448,True,False,0.00421349704266
502,START|medium|lt2,0.0184769630432,-0.0011655446142,-0.000130742788315,0.0184769630432,0.0011655446142,0.208414872798,True,True,-0.00358599424362
503,START|medium|2to4,0.0434284210205,-0.0246434907895,0.0324259698391,0.0434284210205,0.0246434907895,0.634050880626,False,False,0.0112634599209
504,END|medium|2to4,0.0293306708336,-0.00972919189371,0.0122195482254,0.0293306708336,0.00972919189371,0.400195694716,True,False,0.00949221849442
505,START|medium|2to4,0.0565651655197,0.0535207339562,0.0167985036969,0.0565651655197,0.0535207339562,0.862035225049,False,False,-0.00426122546196
506,END|medium|ge4,0.0473963022232,0.0572245507501,-0.0128358639777,0.0473963022232,0.0572245507501,0.839530332681,False,False,0.0110597833991
507,END|medium|2to4,0.0312675237656,0.0325456138235,0.0124747604132,0.0312675237656,0.0325456138235,0.622309197652,False,False,0.00575182586908
508,START|strong|2to4,0.0344993472099,0.00665959552862,-0.00762563943863,0.0344993472099,0.00665959552862,0.406066536204,True,False,0.0116586908698
509,START|medium|2to4,0.067354619503,0.0830171741545,-0.0101524069905,0.067354619503,0.0830171741545,0.94324853229,False,False,0.00784569233656
510,START|medium|ge4,0.0711625814438,0.0280803462956,0.00516536086798,0.0711625814438,0.0280803462956,0.739726027397,False,False,0.00793291628361
511,START|medium|ge4,0.031683921814,0.0336633608676,0.0238089486957,0.031683921814,0.0336633608676,0.633072407045,True,False,0.000650428235531
